{
    "intrinsics": {
        "fx": 447.679079249249,
        "fy": 448.768431364843,
        "cx": 252.560061902772,
        "cy": 233.658637132913
    },

    "fps" : 15
}